"","parameter","Sim1","Sim2","Sim3","Sim4","Sim5","Sim6","Sim7","Sim8","Sim9","Sim10","Sim11","Sim12","Sim13","Sim14","Sim15","Sim16","Sim17","Sim18","Sim19","Sim20"
"1","gui$mpLabel","""NoFish""","""NoFish""","""minE.5B0_HR.2""","""minE.5B0_HR.1_cap2""","""minE.5B0_HR.1""","""minE.5B0_HR.1_cap2""","""minE18.8_HR.1_cap2""","""minE18.8_HR.2""","""minE.5B0_HR.2""","""minE.5B0_HR.1""","""minE18.8_HR.1_cap2""","""minE18.8_HR.1""","""minE18.8_HR.2""","""minE18.8_HR.1""","""HS30-60_HR.2""","""HS30-60_HR.1_cap2""","""HS30-60_HR.1""","""HS30-60_HR.2""","""HS30-60_HR.1_cap2""","""HS30-60_HR.1"""
"2","gui$nReps","100","100","100","100","100","100","100","100","100","100","100","100","100","100","100","100","100","100","100","100"
"3","gui$quiet","TRUE","TRUE","TRUE","TRUE","TRUE","TRUE","TRUE","TRUE","TRUE","TRUE","TRUE","TRUE","TRUE","TRUE","TRUE","TRUE","TRUE","TRUE","TRUE","TRUE"
"4","gui$scenarioLabel","""WCVI_Mbar10""","""WCVI_PulseM_1.5x16""","""WCVI_Mbar10""","""WCVI_PulseM_1.5x16""","""WCVI_Mbar10""","""WCVI_Mbar10""","""WCVI_Mbar10""","""WCVI_PulseM_1.5x16""","""WCVI_PulseM_1.5x16""","""WCVI_PulseM_1.5x16""","""WCVI_PulseM_1.5x16""","""WCVI_Mbar10""","""WCVI_Mbar10""","""WCVI_PulseM_1.5x16""","""WCVI_Mbar10""","""WCVI_Mbar10""","""WCVI_Mbar10""","""WCVI_PulseM_1.5x16""","""WCVI_PulseM_1.5x16""","""WCVI_PulseM_1.5x16"""
"5","gui$simAnnotate","TRUE","TRUE","TRUE","TRUE","TRUE","TRUE","TRUE","TRUE","TRUE","TRUE","TRUE","TRUE","TRUE","TRUE","TRUE","TRUE","TRUE","TRUE","TRUE","TRUE"
"6","gui$simLegend","TRUE","TRUE","TRUE","TRUE","TRUE","TRUE","TRUE","TRUE","TRUE","TRUE","TRUE","TRUE","TRUE","TRUE","TRUE","TRUE","TRUE","TRUE","TRUE","TRUE"
"7","gui$simPlotType","""simSpecs""","""simSpecs""","""simSpecs""","""simSpecs""","""simSpecs""","""simSpecs""","""simSpecs""","""simSpecs""","""simSpecs""","""simSpecs""","""simSpecs""","""simSpecs""","""simSpecs""","""simSpecs""","""simSpecs""","""simSpecs""","""simSpecs""","""simSpecs""","""simSpecs""","""simSpecs"""
"8","gui$simSetXaxis","FALSE","FALSE","FALSE","FALSE","FALSE","FALSE","FALSE","FALSE","FALSE","FALSE","FALSE","FALSE","FALSE","FALSE","FALSE","FALSE","FALSE","FALSE","FALSE","FALSE"
"9","gui$simSetYaxis","FALSE","FALSE","FALSE","FALSE","FALSE","FALSE","FALSE","FALSE","FALSE","FALSE","FALSE","FALSE","FALSE","FALSE","FALSE","FALSE","FALSE","FALSE","FALSE","FALSE"
"10","mp$assess$avgPoints","3","3","3","3","3","3","3","3","3","3","3","3","3","3","3","3","3","3","3","3"
"11","mp$assess$caaAges","FALSE","FALSE","FALSE","FALSE","FALSE","FALSE","FALSE","FALSE","FALSE","FALSE","FALSE","FALSE","FALSE","FALSE","FALSE","FALSE","FALSE","FALSE","FALSE","FALSE"
"12","mp$assess$caaM","0.08","0.08","0.08","0.08","0.08","0.08","0.08","0.08","0.08","0.08","0.08","0.08","0.08","0.08","0.08","0.08","0.08","0.08","0.08","0.08"
"13","mp$assess$caaPmM","0.08","0.08","0.08","0.08","0.08","0.08","0.08","0.08","0.08","0.08","0.08","0.08","0.08","0.08","0.08","0.08","0.08","0.08","0.08","0.08"
"14","mp$assess$caaPmSteep","0.75","0.75","0.75","0.75","0.75","0.75","0.75","0.75","0.75","0.75","0.75","0.75","0.75","0.75","0.75","0.75","0.75","0.75","0.75","0.75"
"15","mp$assess$caaPsdM","0.05","0.05","0.05","0.05","0.05","0.05","0.05","0.05","0.05","0.05","0.05","0.05","0.05","0.05","0.05","0.05","0.05","0.05","0.05","0.05"
"16","mp$assess$caaPsdSteep","0.05","0.05","0.05","0.05","0.05","0.05","0.05","0.05","0.05","0.05","0.05","0.05","0.05","0.05","0.05","0.05","0.05","0.05","0.05","0.05"
"17","mp$assess$caaRhoEiv","0.05","0.05","0.05","0.05","0.05","0.05","0.05","0.05","0.05","0.05","0.05","0.05","0.05","0.05","0.05","0.05","0.05","0.05","0.05","0.05"
"18","mp$assess$caaSigmaR","0.7","0.7","0.7","0.7","0.7","0.7","0.7","0.7","0.7","0.7","0.7","0.7","0.7","0.7","0.7","0.7","0.7","0.7","0.7","0.7"
"19","mp$assess$chkMethod1","FALSE","FALSE","FALSE","FALSE","FALSE","FALSE","FALSE","FALSE","FALSE","FALSE","FALSE","FALSE","FALSE","FALSE","FALSE","FALSE","FALSE","FALSE","FALSE","FALSE"
"20","mp$assess$chkMethod2","FALSE","FALSE","FALSE","FALSE","FALSE","FALSE","FALSE","FALSE","FALSE","FALSE","FALSE","FALSE","FALSE","FALSE","FALSE","FALSE","FALSE","FALSE","FALSE","FALSE"
"21","mp$assess$idxMethod1","""seq(68,54,1)""","""seq(68,54,1)""","""seq(68,54,1)""","""seq(68,54,1)""","""seq(68,54,1)""","""seq(68,54,1)""","""seq(68,54,1)""","""seq(68,54,1)""","""seq(68,54,1)""","""seq(68,54,1)""","""seq(68,54,1)""","""seq(68,54,1)""","""seq(68,54,1)""","""seq(68,54,1)""","""seq(68,54,1)""","""seq(68,54,1)""","""seq(68,54,1)""","""seq(68,54,1)""","""seq(68,54,1)""","""seq(68,54,1)"""
"22","mp$assess$idxMethod2","""seq(68,54,1)""","""seq(68,54,1)""","""seq(68,54,1)""","""seq(68,54,1)""","""seq(68,54,1)""","""seq(68,54,1)""","""seq(68,54,1)""","""seq(68,54,1)""","""seq(68,54,1)""","""seq(68,54,1)""","""seq(68,54,1)""","""seq(68,54,1)""","""seq(68,54,1)""","""seq(68,54,1)""","""seq(68,54,1)""","""seq(68,54,1)""","""seq(68,54,1)""","""seq(68,54,1)""","""seq(68,54,1)""","""seq(68,54,1)"""
"23","mp$assess$t1Method","68","68","68","68","68","68","68","68","68","68","68","68","68","68","68","68","68","68","68","68"
"24","mp$assess$t2Method","87","87","87","87","87","87","87","87","87","87","87","87","87","87","87","87","87","87","87","87"
"25","mp$assess$ddAlphaG","1.4054","1.4054","1.4054","1.4054","1.4054","1.4054","1.4054","1.4054","1.4054","1.4054","1.4054","1.4054","1.4054","1.4054","1.4054","1.4054","1.4054","1.4054","1.4054","1.4054"
"26","mp$assess$ddB0","20","20","20","20","20","20","20","20","20","20","20","20","20","20","20","20","20","20","20","20"
"27","mp$assess$ddkAge","2","2","2","2","2","2","2","2","2","2","2","2","2","2","2","2","2","2","2","2"
"28","mp$assess$ddM","0.56","0.56","0.56","0.56","0.56","0.56","0.56","0.56","0.56","0.56","0.56","0.56","0.56","0.56","0.56","0.56","0.56","0.56","0.56","0.56"
"29","mp$assess$ddPmM","0.56","0.56","0.56","0.56","0.56","0.56","0.56","0.56","0.56","0.56","0.56","0.56","0.56","0.56","0.56","0.56","0.56","0.56","0.56","0.56"
"30","mp$assess$ddPmSteep","0.53","0.53","0.53","0.53","0.53","0.53","0.53","0.53","0.53","0.53","0.53","0.53","0.53","0.53","0.53","0.53","0.53","0.53","0.53","0.53"
"31","mp$assess$ddPsdM","0.2","0.2","0.2","0.2","0.2","0.2","0.2","0.2","0.2","0.2","0.2","0.2","0.2","0.2","0.2","0.2","0.2","0.2","0.2","0.2"
"32","mp$assess$ddPsdSteep","0.05","0.05","0.05","0.05","0.05","0.05","0.05","0.05","0.05","0.05","0.05","0.05","0.05","0.05","0.05","0.05","0.05","0.05","0.05","0.05"
"33","mp$assess$ddRhoEiv","0.33","0.33","0.33","0.33","0.33","0.33","0.33","0.33","0.33","0.33","0.33","0.33","0.33","0.33","0.33","0.33","0.33","0.33","0.33","0.33"
"34","mp$assess$ddRhoG","0.8376","0.8376","0.8376","0.8376","0.8376","0.8376","0.8376","0.8376","0.8376","0.8376","0.8376","0.8376","0.8376","0.8376","0.8376","0.8376","0.8376","0.8376","0.8376","0.8376"
"35","mp$assess$ddSigmaC","0.1","0.1","0.1","0.1","0.1","0.1","0.1","0.1","0.1","0.1","0.1","0.1","0.1","0.1","0.1","0.1","0.1","0.1","0.1","0.1"
"36","mp$assess$ddUnfished","FALSE","FALSE","FALSE","FALSE","FALSE","FALSE","FALSE","FALSE","FALSE","FALSE","FALSE","FALSE","FALSE","FALSE","FALSE","FALSE","FALSE","FALSE","FALSE","FALSE"
"37","mp$assess$ddWkG","0.82775","0.82775","0.82775","0.82775","0.82775","0.82775","0.82775","0.82775","0.82775","0.82775","0.82775","0.82775","0.82775","0.82775","0.82775","0.82775","0.82775","0.82775","0.82775","0.82775"
"38","mp$assess$idxLikeWeight","""rep(1,2)""","""rep(1,2)""","""rep(1,2)""","""rep(1,2)""","""rep(1,2)""","""rep(1,2)""","""rep(1,2)""","""rep(1,2)""","""rep(1,2)""","""rep(1,2)""","""rep(1,2)""","""rep(1,2)""","""rep(1,2)""","""rep(1,2)""","""rep(1,2)""","""rep(1,2)""","""rep(1,2)""","""rep(1,2)""","""rep(1,2)""","""rep(1,2)"""
"39","mp$assess$idxMethod1","18","18","18","18","18","18","18","18","18","18","18","18","18","18","18","18","18","18","18","18"
"40","mp$assess$idxMethod2","18","18","18","18","18","18","18","18","18","18","18","18","18","18","18","18","18","18","18","18"
"41","mp$assess$initM","0.145","0.145","0.145","0.145","0.145","0.145","0.145","0.145","0.145","0.145","0.145","0.145","0.145","0.145","0.145","0.145","0.145","0.145","0.145","0.145"
"42","mp$assess$k1Method","1","1","1","1","1","1","1","1","1","1","1","1","1","1","1","1","1","1","1","1"
"43","mp$assess$k2Method","1","1","1","1","1","1","1","1","1","1","1","1","1","1","1","1","1","1","1","1"
"44","mp$assess$kfGain","0.5","0.5","0.5","0.5","0.5","0.5","0.5","0.5","0.5","0.5","0.5","0.5","0.5","0.5","0.5","0.5","0.5","0.5","0.5","0.5"
"45","mp$assess$methodId","5","5","5","5","5","5","5","5","5","5","5","5","5","5","5","5","5","5","5","5"
"46","mp$assess$nSamples","100","100","100","100","100","100","100","100","100","100","100","100","100","100","100","100","100","100","100","100"
"47","mp$assess$retroYears","20","20","20","20","20","20","20","20","20","20","20","20","20","20","20","20","20","20","20","20"
"48","mp$assess$skipFails","""FALSE""","""FALSE""","""FALSE""","""FALSE""","""FALSE""","""FALSE""","""FALSE""","""FALSE""","""FALSE""","""FALSE""","""FALSE""","""FALSE""","""FALSE""","""FALSE""","""FALSE""","""FALSE""","""FALSE""","""FALSE""","""FALSE""","""FALSE"""
"49","mp$assess$spFmsy","0.07","0.07","0.07","0.07","0.07","0.07","0.07","0.07","0.07","0.07","0.07","0.07","0.07","0.07","0.07","0.07","0.07","0.07","0.07","0.07"
"50","mp$assess$spMsy","3.2","3.2","3.2","3.2","3.2","3.2","3.2","3.2","3.2","3.2","3.2","3.2","3.2","3.2","3.2","3.2","3.2","3.2","3.2","3.2"
"51","mp$assess$sp_initB","2","2","2","2","2","2","2","2","2","2","2","2","2","2","2","2","2","2","2","2"
"52","mp$assess$spPmFmsy","0.07","0.07","0.07","0.07","0.07","0.07","0.07","0.07","0.07","0.07","0.07","0.07","0.07","0.07","0.07","0.07","0.07","0.07","0.07","0.07"
"53","mp$assess$spPmMsy","3.4","3.4","3.4","3.4","3.4","3.4","3.4","3.4","3.4","3.4","3.4","3.4","3.4","3.4","3.4","3.4","3.4","3.4","3.4","3.4"
"54","mp$assess$spPsdFmsy","0.005","0.005","0.005","0.005","0.005","0.005","0.005","0.005","0.005","0.005","0.005","0.005","0.005","0.005","0.005","0.005","0.005","0.005","0.005","0.005"
"55","mp$assess$spPsdMsy","1.6","1.6","1.6","1.6","1.6","1.6","1.6","1.6","1.6","1.6","1.6","1.6","1.6","1.6","1.6","1.6","1.6","1.6","1.6","1.6"
"56","mp$assess$spRhoEiv","0.95","0.95","0.95","0.95","0.95","0.95","0.95","0.95","0.95","0.95","0.95","0.95","0.95","0.95","0.95","0.95","0.95","0.95","0.95","0.95"
"57","mp$assess$spSurveyRel","TRUE","TRUE","TRUE","TRUE","TRUE","TRUE","TRUE","TRUE","TRUE","TRUE","TRUE","TRUE","TRUE","TRUE","TRUE","TRUE","TRUE","TRUE","TRUE","TRUE"
"58","mp$assess$t1Method","19","19","19","19","19","19","19","19","19","19","19","19","19","19","19","19","19","19","19","19"
"59","mp$assess$t2Method","45","45","45","45","45","45","45","45","45","45","45","45","45","45","45","45","45","45","45","45"
"60","mp$assess$iscam$unfished","0","0","0","0","0","0","0","0","0","0","0","0","0","0","0","0","0","0","0","0"
"61","mp$assess$iscam$minAgeProp","0.02","0.02","0.02","0.02","0.02","0.02","0.02","0.02","0.02","0.02","0.02","0.02","0.02","0.02","0.02","0.02","0.02","0.02","0.02","0.02"
"62","mp$assess$iscam$mDevPhz","3","3","3","3","3","3","3","3","3","3","3","3","3","3","3","3","3","3","3","3"
"63","mp$assess$iscam$mDevNodes","12","12","12","12","12","12","12","12","12","12","12","12","12","12","12","12","12","12","12","12"
"64","mp$assess$iscam$minAge","2","2","2","2","2","2","2","2","2","2","2","2","2","2","2","2","2","2","2","2"
"65","mp$assess$iscam$cutoff","0.25","0.25","0.25","0.25","0.25","0.25","0.25","0.25","0.25","0.25","0.25","0.25","0.25","0.25","0.25","0.25","0.25","0.25","0.25","0.25"
"66","mp$assess$iscam$targHR","0.2","0.2","0.2","0.2","0.2","0.2","0.2","0.2","0.2","0.2","0.2","0.2","0.2","0.2","0.2","0.2","0.2","0.2","0.2","0.2"
"67","mp$assess$iscam$fixCutoff","18.8","18.8","18.8","18.8","18.8","18.8","18.8","18.8","18.8","18.8","18.8","18.8","18.8","18.8","18.8","18.8","18.8","18.8","18.8","18.8"
"68","mp$assess$iscam$selxRenorm","2","2","2","2","2","2","2","2","2","2","2","2","2","2","2","2","2","2","2","2"
"69","mp$assess$iscam$priors$meanInitM","-0.79","-0.79","-0.79","-0.79","-0.79","-0.79","-0.79","-0.79","-0.79","-0.79","-0.79","-0.79","-0.79","-0.79","-0.79","-0.79","-0.79","-0.79","-0.79","-0.79"
"70","mp$assess$iscam$priors$sdInitM","0.4","0.4","0.4","0.4","0.4","0.4","0.4","0.4","0.4","0.4","0.4","0.4","0.4","0.4","0.4","0.4","0.4","0.4","0.4","0.4"
"71","mp$assess$iscam$priors$steepnessBeta1","10","10","10","10","10","10","10","10","10","10","10","10","10","10","10","10","10","10","10","10"
"72","mp$assess$iscam$priors$steepnessBeta2","4.92","4.92","4.92","4.92","4.92","4.92","4.92","4.92","4.92","4.92","4.92","4.92","4.92","4.92","4.92","4.92","4.92","4.92","4.92","4.92"
"73","mp$assess$iscam$priors$logqPrior1","c(0,0)","c(0,0)","c(0,0)","c(0,0)","c(0,0)","c(0,0)","c(0,0)","c(0,0)","c(0,0)","c(0,0)","c(0,0)","c(0,0)","c(0,0)","c(0,0)","c(0,0)","c(0,0)","c(0,0)","c(0,0)","c(0,0)","c(0,0)"
"74","mp$assess$iscam$priors$logqPrior2","c(1,0.01)","c(1,0.01)","c(1,0.01)","c(1,0.01)","c(1,0.01)","c(1,0.01)","c(1,0.01)","c(1,0.01)","c(1,0.01)","c(1,0.01)","c(1,0.01)","c(1,0.01)","c(1,0.01)","c(1,0.01)","c(1,0.01)","c(1,0.01)","c(1,0.01)","c(1,0.01)","c(1,0.01)","c(1,0.01)"
"75","mp$data$chkAges1","FALSE","FALSE","FALSE","FALSE","FALSE","FALSE","FALSE","FALSE","FALSE","FALSE","FALSE","FALSE","FALSE","FALSE","FALSE","FALSE","FALSE","FALSE","FALSE","FALSE"
"76","mp$data$chkAges2","FALSE","FALSE","FALSE","FALSE","FALSE","FALSE","FALSE","FALSE","FALSE","FALSE","FALSE","FALSE","FALSE","FALSE","FALSE","FALSE","FALSE","FALSE","FALSE","FALSE"
"77","mp$data$chkIndex1","FALSE","FALSE","FALSE","FALSE","FALSE","FALSE","FALSE","FALSE","FALSE","FALSE","FALSE","FALSE","FALSE","FALSE","FALSE","FALSE","FALSE","FALSE","FALSE","FALSE"
"78","mp$data$chkIndex2","FALSE","FALSE","FALSE","FALSE","FALSE","FALSE","FALSE","FALSE","FALSE","FALSE","FALSE","FALSE","FALSE","FALSE","FALSE","FALSE","FALSE","FALSE","FALSE","FALSE"
"79","mp$data$idxAges1","""seq(68,87,1)""","""seq(68,87,1)""","""seq(68,87,1)""","""seq(68,87,1)""","""seq(68,87,1)""","""seq(68,87,1)""","""seq(68,87,1)""","""seq(68,87,1)""","""seq(68,87,1)""","""seq(68,87,1)""","""seq(68,87,1)""","""seq(68,87,1)""","""seq(68,87,1)""","""seq(68,87,1)""","""seq(68,87,1)""","""seq(68,87,1)""","""seq(68,87,1)""","""seq(68,87,1)""","""seq(68,87,1)""","""seq(68,87,1)"""
"80","mp$data$idxAges2","""c(68,87)""","""c(68,87)""","""c(68,87)""","""c(68,87)""","""c(68,87)""","""c(68,87)""","""c(68,87)""","""c(68,87)""","""c(68,87)""","""c(68,87)""","""c(68,87)""","""c(68,87)""","""c(68,87)""","""c(68,87)""","""c(68,87)""","""c(68,87)""","""c(68,87)""","""c(68,87)""","""c(68,87)""","""c(68,87)"""
"81","mp$data$indexType","""c(1,1)""","""c(1,1)""","""c(1,1)""","""c(1,1)""","""c(1,1)""","""c(1,1)""","""c(1,1)""","""c(1,1)""","""c(1,1)""","""c(1,1)""","""c(1,1)""","""c(1,1)""","""c(1,1)""","""c(1,1)""","""c(1,1)""","""c(1,1)""","""c(1,1)""","""c(1,1)""","""c(1,1)""","""c(1,1)"""
"82","mp$data$inputAges","read.rep('mserproject/history/iscamWCVI2017.rep')","read.rep('mserproject/history/iscamWCVI2017.rep')","read.rep('mserproject/history/iscamWCVI2017.rep')","read.rep('mserproject/history/iscamWCVI2017.rep')","read.rep('mserproject/history/iscamWCVI2017.rep')","read.rep('mserproject/history/iscamWCVI2017.rep')","read.rep('mserproject/history/iscamWCVI2017.rep')","read.rep('mserproject/history/iscamWCVI2017.rep')","read.rep('mserproject/history/iscamWCVI2017.rep')","read.rep('mserproject/history/iscamWCVI2017.rep')","read.rep('mserproject/history/iscamWCVI2017.rep')","read.rep('mserproject/history/iscamWCVI2017.rep')","read.rep('mserproject/history/iscamWCVI2017.rep')","read.rep('mserproject/history/iscamWCVI2017.rep')","read.rep('mserproject/history/iscamWCVI2017.rep')","read.rep('mserproject/history/iscamWCVI2017.rep')","read.rep('mserproject/history/iscamWCVI2017.rep')","read.rep('mserproject/history/iscamWCVI2017.rep')","read.rep('mserproject/history/iscamWCVI2017.rep')","read.rep('mserproject/history/iscamWCVI2017.rep')"
"83","mp$data$inputCatch","read.rep('mserproject/history/iscamWCVI2017.rep')","read.rep('mserproject/history/iscamWCVI2017.rep')","read.rep('mserproject/history/iscamWCVI2017.rep')","read.rep('mserproject/history/iscamWCVI2017.rep')","read.rep('mserproject/history/iscamWCVI2017.rep')","read.rep('mserproject/history/iscamWCVI2017.rep')","read.rep('mserproject/history/iscamWCVI2017.rep')","read.rep('mserproject/history/iscamWCVI2017.rep')","read.rep('mserproject/history/iscamWCVI2017.rep')","read.rep('mserproject/history/iscamWCVI2017.rep')","read.rep('mserproject/history/iscamWCVI2017.rep')","read.rep('mserproject/history/iscamWCVI2017.rep')","read.rep('mserproject/history/iscamWCVI2017.rep')","read.rep('mserproject/history/iscamWCVI2017.rep')","read.rep('mserproject/history/iscamWCVI2017.rep')","read.rep('mserproject/history/iscamWCVI2017.rep')","read.rep('mserproject/history/iscamWCVI2017.rep')","read.rep('mserproject/history/iscamWCVI2017.rep')","read.rep('mserproject/history/iscamWCVI2017.rep')","read.rep('mserproject/history/iscamWCVI2017.rep')"
"84","mp$data$inputIndex","read.rep('mserproject/history/iscamWCVI2017.rep')","read.rep('mserproject/history/iscamWCVI2017.rep')","read.rep('mserproject/history/iscamWCVI2017.rep')","read.rep('mserproject/history/iscamWCVI2017.rep')","read.rep('mserproject/history/iscamWCVI2017.rep')","read.rep('mserproject/history/iscamWCVI2017.rep')","read.rep('mserproject/history/iscamWCVI2017.rep')","read.rep('mserproject/history/iscamWCVI2017.rep')","read.rep('mserproject/history/iscamWCVI2017.rep')","read.rep('mserproject/history/iscamWCVI2017.rep')","read.rep('mserproject/history/iscamWCVI2017.rep')","read.rep('mserproject/history/iscamWCVI2017.rep')","read.rep('mserproject/history/iscamWCVI2017.rep')","read.rep('mserproject/history/iscamWCVI2017.rep')","read.rep('mserproject/history/iscamWCVI2017.rep')","read.rep('mserproject/history/iscamWCVI2017.rep')","read.rep('mserproject/history/iscamWCVI2017.rep')","read.rep('mserproject/history/iscamWCVI2017.rep')","read.rep('mserproject/history/iscamWCVI2017.rep')","read.rep('mserproject/history/iscamWCVI2017.rep')"
"85","mp$data$k1Ages","""c(1,1,1)""","""c(1,1,1)""","""c(1,1,1)""","""c(1,1,1)""","""c(1,1,1)""","""c(1,1,1)""","""c(1,1,1)""","""c(1,1,1)""","""c(1,1,1)""","""c(1,1,1)""","""c(1,1,1)""","""c(1,1,1)""","""c(1,1,1)""","""c(1,1,1)""","""c(1,1,1)""","""c(1,1,1)""","""c(1,1,1)""","""c(1,1,1)""","""c(1,1,1)""","""c(1,1,1)"""
"86","mp$data$k1Index","""c(1,1)""","""c(1,1)""","""c(1,1)""","""c(1,1)""","""c(1,1)""","""c(1,1)""","""c(1,1)""","""c(1,1)""","""c(1,1)""","""c(1,1)""","""c(1,1)""","""c(1,1)""","""c(1,1)""","""c(1,1)""","""c(1,1)""","""c(1,1)""","""c(1,1)""","""c(1,1)""","""c(1,1)""","""c(1,1)"""
"87","mp$data$k2Ages","""c(1,1,1)""","""c(1,1,1)""","""c(1,1,1)""","""c(1,1,1)""","""c(1,1,1)""","""c(1,1,1)""","""c(1,1,1)""","""c(1,1,1)""","""c(1,1,1)""","""c(1,1,1)""","""c(1,1,1)""","""c(1,1,1)""","""c(1,1,1)""","""c(1,1,1)""","""c(1,1,1)""","""c(1,1,1)""","""c(1,1,1)""","""c(1,1,1)""","""c(1,1,1)""","""c(1,1,1)"""
"88","mp$data$k2Index","""c(0,1)""","""c(0,1)""","""c(0,1)""","""c(0,1)""","""c(0,1)""","""c(0,1)""","""c(0,1)""","""c(0,1)""","""c(0,1)""","""c(0,1)""","""c(0,1)""","""c(0,1)""","""c(0,1)""","""c(0,1)""","""c(0,1)""","""c(0,1)""","""c(0,1)""","""c(0,1)""","""c(0,1)""","""c(0,1)"""
"89","mp$data$minAge","2","2","2","2","2","2","2","2","2","2","2","2","2","2","2","2","2","2","2","2"
"90","mp$data$t1Ages","""c(1,1,1)""","""c(1,1,1)""","""c(1,1,1)""","""c(1,1,1)""","""c(1,1,1)""","""c(1,1,1)""","""c(1,1,1)""","""c(1,1,1)""","""c(1,1,1)""","""c(1,1,1)""","""c(1,1,1)""","""c(1,1,1)""","""c(1,1,1)""","""c(1,1,1)""","""c(1,1,1)""","""c(1,1,1)""","""c(1,1,1)""","""c(1,1,1)""","""c(1,1,1)""","""c(1,1,1)"""
"91","mp$data$t1Index","""c(1,1)""","""c(1,1)""","""c(1,1)""","""c(1,1)""","""c(1,1)""","""c(1,1)""","""c(1,1)""","""c(1,1)""","""c(1,1)""","""c(1,1)""","""c(1,1)""","""c(1,1)""","""c(1,1)""","""c(1,1)""","""c(1,1)""","""c(1,1)""","""c(1,1)""","""c(1,1)""","""c(1,1)""","""c(1,1)"""
"92","mp$data$t2Ages","""c(68,68,68)""","""c(68,68,68)""","""c(68,68,68)""","""c(68,68,68)""","""c(68,68,68)""","""c(68,68,68)""","""c(68,68,68)""","""c(68,68,68)""","""c(68,68,68)""","""c(68,68,68)""","""c(68,68,68)""","""c(68,68,68)""","""c(68,68,68)""","""c(68,68,68)""","""c(68,68,68)""","""c(68,68,68)""","""c(68,68,68)""","""c(68,68,68)""","""c(68,68,68)""","""c(68,68,68)"""
"93","mp$data$t2Index","""c(68,68)""","""c(68,68)""","""c(68,68)""","""c(68,68)""","""c(68,68)""","""c(68,68)""","""c(68,68)""","""c(68,68)""","""c(68,68)""","""c(68,68)""","""c(68,68)""","""c(68,68)""","""c(68,68)""","""c(68,68)""","""c(68,68)""","""c(68,68)""","""c(68,68)""","""c(68,68)""","""c(68,68)""","""c(68,68)"""
"94","mp$data$useAges","""c(1,2,3)""","""c(1,2,3)""","""c(1,2,3)""","""c(1,2,3)""","""c(1,2,3)""","""c(1,2,3)""","""c(1,2,3)""","""c(1,2,3)""","""c(1,2,3)""","""c(1,2,3)""","""c(1,2,3)""","""c(1,2,3)""","""c(1,2,3)""","""c(1,2,3)""","""c(1,2,3)""","""c(1,2,3)""","""c(1,2,3)""","""c(1,2,3)""","""c(1,2,3)""","""c(1,2,3)"""
"95","mp$data$useIndex","""c(4,5)""","""c(4,5)""","""c(4,5)""","""c(4,5)""","""c(4,5)""","""c(4,5)""","""c(4,5)""","""c(4,5)""","""c(4,5)""","""c(4,5)""","""c(4,5)""","""c(4,5)""","""c(4,5)""","""c(4,5)""","""c(4,5)""","""c(4,5)""","""c(4,5)""","""c(4,5)""","""c(4,5)""","""c(4,5)"""
"96","mp$hcr$binQuota","10","10","10","10","10","10","10","10","10","10","10","10","10","10","10","10","10","10","10","10"
"97","mp$hcr$catchFloor","0","0","0","0","0","0","0","0","0","0","0","0","0","0","0","0","0","0","0","0"
"98","mp$hcr$catchCeiling","NULL","NULL","NULL","2.0","NULL","2.0","2.0","NULL","NULL","NULL","2.0","NULL","NULL","NULL","NULL","2.0","NULL","NULL","2.0","NULL"
"99","mp$hcr$consTAC","2.4","2.4","2.4","2.4","2.4","2.4","2.4","2.4","2.4","2.4","2.4","2.4","2.4","2.4","2.4","2.4","2.4","2.4","2.4","2.4"
"100","mp$hcr$ctlPtFreq","1","1","1","1","1","1","1","1","1","1","1","1","1","1","1","1","1","1","1","1"
"101","mp$hcr$Dec1a","0.01","0.01","0.01","0.01","0.01","0.01","0.01","0.01","0.01","0.01","0.01","0.01","0.01","0.01","0.01","0.01","0.01","0.01","0.01","0.01"
"102","mp$hcr$Dec1b","0.025","0.025","0.025","0.025","0.025","0.025","0.025","0.025","0.025","0.025","0.025","0.025","0.025","0.025","0.025","0.025","0.025","0.025","0.025","0.025"
"103","mp$hcr$Dec2a","0.025","0.025","0.025","0.025","0.025","0.025","0.025","0.025","0.025","0.025","0.025","0.025","0.025","0.025","0.025","0.025","0.025","0.025","0.025","0.025"
"104","mp$hcr$Dec2b","0.25","0.25","0.25","0.25","0.25","0.25","0.25","0.25","0.25","0.25","0.25","0.25","0.25","0.25","0.25","0.25","0.25","0.25","0.25","0.25"
"105","mp$hcr$Dec3a","0.25","0.25","0.25","0.25","0.25","0.25","0.25","0.25","0.25","0.25","0.25","0.25","0.25","0.25","0.25","0.25","0.25","0.25","0.25","0.25"
"106","mp$hcr$Dec3b","0.5","0.5","0.5","0.5","0.5","0.5","0.5","0.5","0.5","0.5","0.5","0.5","0.5","0.5","0.5","0.5","0.5","0.5","0.5","0.5"
"107","mp$hcr$forecast","FALSE","FALSE","FALSE","FALSE","FALSE","FALSE","FALSE","FALSE","FALSE","FALSE","FALSE","FALSE","FALSE","FALSE","FALSE","FALSE","FALSE","FALSE","FALSE","FALSE"
"108","mp$hcr$hcrType","""variableF""","""variableF""","""variableF""","""variableF""","""variableF""","""variableF""","""variableF""","""variableF""","""variableF""","""variableF""","""variableF""","""variableF""","""variableF""","""variableF""","""variableF""","""variableF""","""variableF""","""variableF""","""variableF""","""variableF"""
"109","mp$hcr$Inc1a","0.01","0.01","0.01","0.01","0.01","0.01","0.01","0.01","0.01","0.01","0.01","0.01","0.01","0.01","0.01","0.01","0.01","0.01","0.01","0.01"
"110","mp$hcr$Inc1b","0.05","0.05","0.05","0.05","0.05","0.05","0.05","0.05","0.05","0.05","0.05","0.05","0.05","0.05","0.05","0.05","0.05","0.05","0.05","0.05"
"111","mp$hcr$Inc2a","0.05","0.05","0.05","0.05","0.05","0.05","0.05","0.05","0.05","0.05","0.05","0.05","0.05","0.05","0.05","0.05","0.05","0.05","0.05","0.05"
"112","mp$hcr$Inc2b","0.5","0.5","0.5","0.5","0.5","0.5","0.5","0.5","0.5","0.5","0.5","0.5","0.5","0.5","0.5","0.5","0.5","0.5","0.5","0.5"
"113","mp$hcr$Inc3a","0.5","0.5","0.5","0.5","0.5","0.5","0.5","0.5","0.5","0.5","0.5","0.5","0.5","0.5","0.5","0.5","0.5","0.5","0.5","0.5"
"114","mp$hcr$Inc3b","0.95","0.95","0.95","0.95","0.95","0.95","0.95","0.95","0.95","0.95","0.95","0.95","0.95","0.95","0.95","0.95","0.95","0.95","0.95","0.95"
"115","mp$hcr$inputF","0.223","0.223","0.223","0.223","0.223","0.223","0.223","0.223","0.223","0.223","0.223","0.223","0.223","0.223","0.223","0.223","0.223","0.223","0.223","0.223"
"116","mp$hcr$phaseFtime","NULL","NULL","NULL","NULL","NULL","NULL","NULL","NULL","NULL","NULL","NULL","NULL","NULL","NULL","NULL","NULL","NULL","NULL","NULL","NULL"
"117","mp$hcr$lambda1","0.","0.","0.","0.","0.","0.","0.","0.","0.","0.","0.","0.","0.","0.","0.","0.","0.","0.","0.","0."
"118","mp$hcr$lowerBoundMult","0.3","0.3","0.3","0.3","0.3","0.3","0.3","0.3","0.3","0.3","0.3","0.3","0.3","0.3",".3",".3",".3",".3",".3",".3"
"119","mp$hcr$lowerQuota","0","0","0","0","0","0","0","0","0","0","0","0","0","0","0","0","0","0","0","0"
"120","mp$hcr$lowerTrendPct","0.1","0.1","0.1","0.1","0.1","0.1","0.1","0.1","0.1","0.1","0.1","0.1","0.1","0.1","0.1","0.1","0.1","0.1","0.1","0.1"
"121","mp$hcr$maxDeltaTACc","NULL","NULL","NULL","NULL","NULL","NULL","NULL","NULL","NULL","NULL","NULL","NULL","NULL","NULL","NULL","NULL","NULL","NULL","NULL","NULL"
"122","mp$hcr$maxDeltaTACf","NULL","NULL","NULL","NULL","NULL","NULL","NULL","NULL","NULL","NULL","NULL","NULL","NULL","NULL","NULL","NULL","NULL","NULL","NULL","NULL"
"123","mp$hcr$minDeltaTACup","0.","0.","0.","0.","0.","0.","0.","0.","0.","0.","0.","0.","0.","0.","0.","0.","0.","0.","0.","0."
"124","mp$hcr$deltaTACcType","""absolute""","""absolute""","""absolute""","""absolute""","""absolute""","""absolute""","""absolute""","""absolute""","""absolute""","""absolute""","""absolute""","""absolute""","""absolute""","""absolute""","""absolute""","""absolute""","""absolute""","""absolute""","""absolute""","""absolute"""
"125","mp$hcr$nMCMC","1","1","1","1","1","1","1","1","1","1","1","1","1","1","1","1","1","1","1","1"
"126","mp$hcr$nProjYears","5","5","5","5","5","5","5","5","5","5","5","5","5","5","5","5","5","5","5","5"
"127","mp$hcr$nThin","1","1","1","1","1","1","1","1","1","1","1","1","1","1","1","1","1","1","1","1"
"128","mp$hcr$optRefPt","""useSnow""","""useSnow""","""useSnow""","""useSnow""","""useSnow""","""useSnow""","""useSnow""","""useSnow""","""useSnow""","""useSnow""","""useSnow""","""useSnow""","""useSnow""","""useSnow""","""useSnow""","""useSnow""","""useSnow""","""useSnow""","""useSnow""","""useSnow"""
"129","mp$hcr$paAdj","FALSE","FALSE","FALSE","FALSE","FALSE","FALSE","FALSE","FALSE","FALSE","FALSE","FALSE","FALSE","FALSE","FALSE","FALSE","FALSE","FALSE","FALSE","FALSE","FALSE"
"130","mp$hcr$qIndex","0.5","0.5","0.5","0.5","0.5","0.5","0.5","0.5","0.5","0.5","0.5","0.5","0.5","0.5","0.5","0.5","0.5","0.5","0.5","0.5"
"131","mp$hcr$qLower","0.1","0.1","0.1","0.1","0.1","0.1","0.1","0.1","0.1","0.1","0.1","0.1","0.1","0.1","0.1","0.1","0.1","0.1","0.1","0.1"
"132","mp$hcr$qUpper","0.9","0.9","0.9","0.9","0.9","0.9","0.9","0.9","0.9","0.9","0.9","0.9","0.9","0.9","0.9","0.9","0.9","0.9","0.9","0.9"
"133","mp$hcr$relBase","TRUE","TRUE","TRUE","TRUE","TRUE","TRUE","TRUE","TRUE","TRUE","TRUE","TRUE","TRUE","TRUE","TRUE","TRUE","TRUE","TRUE","TRUE","TRUE","TRUE"
"134","mp$hcr$remRefBase","""rrBaseFinput""","""rrBaseFinput""","""rrBaseFinput""","""rrBaseFinput""","""rrBaseFinput""","""rrBaseFinput""","""rrBaseFinput""","""rrBaseFinput""","""rrBaseFinput""","""rrBaseFinput""","""rrBaseFinput""","""rrBaseFinput""","""rrBaseFinput""","""rrBaseFinput""","""rrBaseFinput""","""rrBaseFinput""","""rrBaseFinput""","""rrBaseFinput""","""rrBaseFinput""","""rrBaseFinput"""
"135","mp$hcr$remRefSource","""rrSrceEst""","""rrSrceEst""","""rrSrceEst""","""rrSrceEst""","""rrSrceEst""","""rrSrceEst""","""rrSrceEst""","""rrSrceEst""","""rrSrceEst""","""rrSrceEst""","""rrSrceEst""","""rrSrceEst""","""rrSrceEst""","""rrSrceEst""","""rrSrceEst""","""rrSrceEst""","""rrSrceEst""","""rrSrceEst""","""rrSrceEst""","""rrSrceEst"""
"136","mp$hcr$sprX","40","40","40","40","40","40","40","40","40","40","40","40","40","40","40","40","40","40","40","40"
"137","mp$hcr$Stable1a","0.01","0.01","0.01","0.01","0.01","0.01","0.01","0.01","0.01","0.01","0.01","0.01","0.01","0.01","0.01","0.01","0.01","0.01","0.01","0.01"
"138","mp$hcr$Stable1b","0.05","0.05","0.05","0.05","0.05","0.05","0.05","0.05","0.05","0.05","0.05","0.05","0.05","0.05","0.05","0.05","0.05","0.05","0.05","0.05"
"139","mp$hcr$Stable2a","0.05","0.05","0.05","0.05","0.05","0.05","0.05","0.05","0.05","0.05","0.05","0.05","0.05","0.05","0.05","0.05","0.05","0.05","0.05","0.05"
"140","mp$hcr$Stable2b","0.5","0.5","0.5","0.5","0.5","0.5","0.5","0.5","0.5","0.5","0.5","0.5","0.5","0.5","0.5","0.5","0.5","0.5","0.5","0.5"
"141","mp$hcr$Stable3a","0.5","0.5","0.5","0.5","0.5","0.5","0.5","0.5","0.5","0.5","0.5","0.5","0.5","0.5","0.5","0.5","0.5","0.5","0.5","0.5"
"142","mp$hcr$Stable3b","0.75","0.75","0.75","0.75","0.75","0.75","0.75","0.75","0.75","0.75","0.75","0.75","0.75","0.75","0.75","0.75","0.75","0.75","0.75","0.75"
"143","mp$hcr$statusBase","""statusBaseB0""","""statusBaseB0""","""statusBaseB0""","""statusBaseB0""","""statusBaseB0""","""statusBaseB0""","""statusBaseB0""","""statusBaseB0""","""statusBaseB0""","""statusBaseB0""","""statusBaseB0""","""statusBaseB0""","""statusBaseB0""","""statusBaseB0""","""statusBaseB0""","""statusBaseB0""","""statusBaseB0""","""statusBaseB0""","""statusBaseB0""","""statusBaseB0"""
"144","mp$hcr$statusSource","""statusSrceEst""","""statusSrceEst""","""statusSrceEst""","""statusSrceEst""","""statusSrceEst""","""statusSrceEst""","""statusSrceEst""","""statusSrceEst""","""statusSrceEst""","""statusSrceEst""","""statusSrceEst""","""statusSrceEst""","""statusSrceEst""","""statusSrceEst""","""statusSrceEst""","""statusSrceEst""","""statusSrceEst""","""statusSrceEst""","""statusSrceEst""","""statusSrceEst"""
"145","mp$hcr$rule","""linear""","""linear""","""herring""","""herring""","""herring""","""herring""","""herring""","""herring""","""herring""","""herring""","""herring""","""herring""","""herring""","""herring""","""linear""","""linear""","""linear""","""linear""","""linear""","""linear"""
"146","mp$hcr$herringCutoffType","""absolute""","""absolute""","""relative""","""relative""","""relative""","""relative""","""absolute""","""absolute""","""relative""","""relative""","""absolute""","""absolute""","""absolute""","""absolute""","""absolute""","""absolute""","""absolute""","""absolute""","""absolute""","""absolute"""
"147","mp$hcr$herringCutoffVal","18.8","18.8",".5",".5",".5",".5","18.8","18.8",".5",".5","18.8","18.8","18.8","18.8","18.8","18.8","18.8","18.8","18.8","18.8"
"148","mp$hcr$targHRHerring",".2",".2",".2",".1",".1",".1",".1",".2",".2",".1",".1",".1",".2",".1",".2",".1",".1",".2",".1",".1"
"149","mp$hcr$trendYears","0","0","0","0","0","0","0","0","0","0","0","0","0","0","0","0","0","0","0","0"
"150","mp$hcr$updateRefPts","TRUE","TRUE","TRUE","TRUE","TRUE","TRUE","TRUE","TRUE","TRUE","TRUE","TRUE","TRUE","TRUE","TRUE","TRUE","TRUE","TRUE","TRUE","TRUE","TRUE"
"151","mp$hcr$upperBoundMult","0.6","0.6","0.6","0.6","0.6","0.6","0.6","0.6","0.6","0.6","0.6","0.6","0.6","0.6",".6",".6",".6",".6",".6",".6"
"152","mp$hcr$upperQuota","1.5","1.5","1.5","1.5","1.5","1.5","1.5","1.5","1.5","1.5","1.5","1.5","1.5","1.5","1.5","1.5","1.5","1.5","1.5","1.5"
"153","mp$hcr$upperTrendPct","0.9","0.9","0.9","0.9","0.9","0.9","0.9","0.9","0.9","0.9","0.9","0.9","0.9","0.9","0.9","0.9","0.9","0.9","0.9","0.9"
"154","mp$hcr$useDLL","FALSE","FALSE","FALSE","FALSE","FALSE","FALSE","FALSE","FALSE","FALSE","FALSE","FALSE","FALSE","FALSE","FALSE","FALSE","FALSE","FALSE","FALSE","FALSE","FALSE"
"155","mp$hcr$useMLE","TRUE","TRUE","TRUE","TRUE","TRUE","TRUE","TRUE","TRUE","TRUE","TRUE","TRUE","TRUE","TRUE","TRUE","TRUE","TRUE","TRUE","TRUE","TRUE","TRUE"
"156","mp$hcr$useSnow","TRUE","TRUE","TRUE","TRUE","TRUE","TRUE","TRUE","TRUE","TRUE","TRUE","TRUE","TRUE","TRUE","TRUE","TRUE","TRUE","TRUE","TRUE","TRUE","TRUE"
"157","opMod$allocProp","c(0,0.7687,0.2313,0,0)","c(0,0.7687,0.2313,0,0)","c(0,0.7687,0.2313,0,0)","c(0,0.7687,0.2313,0,0)","c(0,0.7687,0.2313,0,0)","c(0,0.7687,0.2313,0,0)","c(0,0.7687,0.2313,0,0)","c(0,0.7687,0.2313,0,0)","c(0,0.7687,0.2313,0,0)","c(0,0.7687,0.2313,0,0)","c(0,0.7687,0.2313,0,0)","c(0,0.7687,0.2313,0,0)","c(0,0.7687,0.2313,0,0)","c(0,0.7687,0.2313,0,0)","c(0,0.7687,0.2313,0,0)","c(0,0.7687,0.2313,0,0)","c(0,0.7687,0.2313,0,0)","c(0,0.7687,0.2313,0,0)","c(0,0.7687,0.2313,0,0)","c(0,0.7687,0.2313,0,0)"
"158","opMod$aMat50","2.2616","2.2616","2.2616","2.2616","2.2616","2.2616","2.2616","2.2616","2.2616","2.2616","2.2616","2.2616","2.2616","2.2616","2.2616","2.2616","2.2616","2.2616","2.2616","2.2616"
"159","opMod$aMat95","3.213166","3.213166","3.213166","3.213166","3.213166","3.213166","3.213166","3.213166","3.213166","3.213166","3.213166","3.213166","3.213166","3.213166","3.213166","3.213166","3.213166","3.213166","3.213166","3.213166"
"160","opMod$B0","45.6158","45.6158","45.6158","45.6158","45.6158","45.6158","45.6158","45.6158","45.6158","45.6158","45.6158","45.6158","45.6158","45.6158","45.6158","45.6158","45.6158","45.6158","45.6158","45.6158"
"161","opMod$baranovIter","8","8","8","8","8","8","8","8","8","8","8","8","8","8","8","8","8","8","8","8"
"162","opMod$baranovSteps","c(0.5,0.3,0.5,1.,1.)","c(0.5,0.3,0.5,1.,1.)","c(0.5,0.3,0.5,1.,1.)","c(0.5,0.3,0.5,1.,1.)","c(0.5,0.3,0.5,1.,1.)","c(0.5,0.3,0.5,1.,1.)","c(0.5,0.3,0.5,1.,1.)","c(0.5,0.3,0.5,1.,1.)","c(0.5,0.3,0.5,1.,1.)","c(0.5,0.3,0.5,1.,1.)","c(0.5,0.3,0.5,1.,1.)","c(0.5,0.3,0.5,1.,1.)","c(0.5,0.3,0.5,1.,1.)","c(0.5,0.3,0.5,1.,1.)","c(0.5,0.3,0.5,1.,1.)","c(0.5,0.3,0.5,1.,1.)","c(0.5,0.3,0.5,1.,1.)","c(0.5,0.3,0.5,1.,1.)","c(0.5,0.3,0.5,1.,1.)","c(0.5,0.3,0.5,1.,1.)"
"163","opMod$c1","c(0.000184208185)","c(0.000184208185)","c(0.000184208185)","c(0.000184208185)","c(0.000184208185)","c(0.000184208185)","c(0.000184208185)","c(0.000184208185)","c(0.000184208185)","c(0.000184208185)","c(0.000184208185)","c(0.000184208185)","c(0.000184208185)","c(0.000184208185)","c(0.000184208185)","c(0.000184208185)","c(0.000184208185)","c(0.000184208185)","c(0.000184208185)","c(0.000184208185)"
"164","opMod$c2","c(1.999008)","c(1.999008)","c(1.999008)","c(1.999008)","c(1.999008)","c(1.999008)","c(1.999008)","c(1.999008)","c(1.999008)","c(1.999008)","c(1.999008)","c(1.999008)","c(1.999008)","c(1.999008)","c(1.999008)","c(1.999008)","c(1.999008)","c(1.999008)","c(1.999008)","c(1.999008)"
"165","opMod$dg","c(0.0,0.0,0,0,0)","c(0.0,0.0,0,0,0)","c(0.0,0.0,0,0,0)","c(0.0,0.0,0,0,0)","c(0.0,0.0,0,0,0)","c(0.0,0.0,0,0,0)","c(0.0,0.0,0,0,0)","c(0.0,0.0,0,0,0)","c(0.0,0.0,0,0,0)","c(0.0,0.0,0,0,0)","c(0.0,0.0,0,0,0)","c(0.0,0.0,0,0,0)","c(0.0,0.0,0,0,0)","c(0.0,0.0,0,0,0)","c(0.0,0.0,0,0,0)","c(0.0,0.0,0,0,0)","c(0.0,0.0,0,0,0)","c(0.0,0.0,0,0,0)","c(0.0,0.0,0,0,0)","c(0.0,0.0,0,0,0)"
"166","opMod$kYearsMbar","10","NULL","10","NULL","10","10","10","NULL","NULL","NULL","NULL","10","10","NULL","10","10","10","NULL","NULL","NULL"
"167","opMod$endM","0.583934","0.583934","0.583934","0.583934","0.583934","0.583934","0.583934","0.583934","0.583934","0.583934","0.583934","0.583934","0.583934","0.583934","0.583934","0.583934","0.583934","0.583934","0.583934","0.583934"
"168","opMod$endMphase","NULL","NULL","NULL","NULL","NULL","NULL","NULL","NULL","NULL","NULL","NULL","NULL","NULL","NULL","NULL","NULL","NULL","NULL","NULL","NULL"
"169","opMod$endMrule","NULL","""mean""","NULL","""mean""","NULL","NULL","NULL","""mean""","""mean""","""mean""","""mean""","NULL","NULL","""mean""","NULL","NULL","NULL","""mean""","""mean""","""mean"""
"170","opMod$futureOption","3","3","3","3","3","3","3","3","3","3","3","3","3","3","3","3","3","3","3","3"
"171","opMod$repFile","NULL","NULL","NULL","NULL","NULL","NULL","NULL","NULL","NULL","NULL","NULL","NULL","NULL","NULL","NULL","NULL","NULL","NULL","NULL","NULL"
"172","opMod$estMdevs","""repFile""","""repFile""","""repFile""","""repFile""","""repFile""","""repFile""","""repFile""","""repFile""","""repFile""","""repFile""","""repFile""","""repFile""","""repFile""","""repFile""","""repFile""","""repFile""","""repFile""","""repFile""","""repFile""","""repFile"""
"173","opMod$estQdevs","NULL","NULL","NULL","NULL","NULL","NULL","NULL","NULL","NULL","NULL","NULL","NULL","NULL","NULL","NULL","NULL","NULL","NULL","NULL","NULL"
"174","opMod$estRecDevs","NULL","NULL","NULL","NULL","NULL","NULL","NULL","NULL","NULL","NULL","NULL","NULL","NULL","NULL","NULL","NULL","NULL","NULL","NULL","NULL"
"175","opMod$fg","c(1.0000000,1.22315243,0.4361168,0.1,0.1)","c(1.0000000,1.22315243,0.4361168,0.1,0.1)","c(1.0000000,1.22315243,0.4361168,0.1,0.1)","c(1.0000000,1.22315243,0.4361168,0.1,0.1)","c(1.0000000,1.22315243,0.4361168,0.1,0.1)","c(1.0000000,1.22315243,0.4361168,0.1,0.1)","c(1.0000000,1.22315243,0.4361168,0.1,0.1)","c(1.0000000,1.22315243,0.4361168,0.1,0.1)","c(1.0000000,1.22315243,0.4361168,0.1,0.1)","c(1.0000000,1.22315243,0.4361168,0.1,0.1)","c(1.0000000,1.22315243,0.4361168,0.1,0.1)","c(1.0000000,1.22315243,0.4361168,0.1,0.1)","c(1.0000000,1.22315243,0.4361168,0.1,0.1)","c(1.0000000,1.22315243,0.4361168,0.1,0.1)","c(1.0000000,1.22315243,0.4361168,0.1,0.1)","c(1.0000000,1.22315243,0.4361168,0.1,0.1)","c(1.0000000,1.22315243,0.4361168,0.1,0.1)","c(1.0000000,1.22315243,0.4361168,0.1,0.1)","c(1.0000000,1.22315243,0.4361168,0.1,0.1)","c(1.0000000,1.22315243,0.4361168,0.1,0.1)"
"176","opMod$firstRepYear","1","1","1","1","1","1","1","1","1","1","1","1","1","1","1","1","1","1","1","1"
"177","opMod$gammaM","0","0","0","0","0","0","0","0","0","0","0","0","0","0","0","0","0","0","0","0"
"178","opMod$gammaR","0.","0.","0.","0.","0.","0.","0.","0.","0.","0.","0.","0.","0.","0.","0.","0.","0.","0.","0.","0."
"179","opMod$gNames","c(""Reduction"",""Seine-Roe"",""Gillnet"",""Survey1"",""Survey2"")","c(""Reduction"",""Seine-Roe"",""Gillnet"",""Survey1"",""Survey2"")","c(""Reduction"",""Seine-Roe"",""Gillnet"",""Survey1"",""Survey2"")","c(""Reduction"",""Seine-Roe"",""Gillnet"",""Survey1"",""Survey2"")","c(""Reduction"",""Seine-Roe"",""Gillnet"",""Survey1"",""Survey2"")","c(""Reduction"",""Seine-Roe"",""Gillnet"",""Survey1"",""Survey2"")","c(""Reduction"",""Seine-Roe"",""Gillnet"",""Survey1"",""Survey2"")","c(""Reduction"",""Seine-Roe"",""Gillnet"",""Survey1"",""Survey2"")","c(""Reduction"",""Seine-Roe"",""Gillnet"",""Survey1"",""Survey2"")","c(""Reduction"",""Seine-Roe"",""Gillnet"",""Survey1"",""Survey2"")","c(""Reduction"",""Seine-Roe"",""Gillnet"",""Survey1"",""Survey2"")","c(""Reduction"",""Seine-Roe"",""Gillnet"",""Survey1"",""Survey2"")","c(""Reduction"",""Seine-Roe"",""Gillnet"",""Survey1"",""Survey2"")","c(""Reduction"",""Seine-Roe"",""Gillnet"",""Survey1"",""Survey2"")","c(""Reduction"",""Seine-Roe"",""Gillnet"",""Survey1"",""Survey2"")","c(""Reduction"",""Seine-Roe"",""Gillnet"",""Survey1"",""Survey2"")","c(""Reduction"",""Seine-Roe"",""Gillnet"",""Survey1"",""Survey2"")","c(""Reduction"",""Seine-Roe"",""Gillnet"",""Survey1"",""Survey2"")","c(""Reduction"",""Seine-Roe"",""Gillnet"",""Survey1"",""Survey2"")","c(""Reduction"",""Seine-Roe"",""Gillnet"",""Survey1"",""Survey2"")"
"180","opMod$historyType","""omFile""","""omFile""","""omFile""","""omFile""","""omFile""","""omFile""","""omFile""","""omFile""","""omFile""","""omFile""","""omFile""","""omFile""","""omFile""","""omFile""","""omFile""","""omFile""","""omFile""","""omFile""","""omFile""","""omFile"""
"181","opMod$initDepTarg","0.3","0.3","0.3","0.3","0.3","0.3","0.3","0.3","0.3","0.3","0.3","0.3","0.3","0.3","0.3","0.3","0.3","0.3","0.3","0.3"
"182","opMod$initKnots","3","3","3","3","3","3","3","3","3","3","3","3","3","3","3","3","3","3","3","3"
"183","opMod$initMaxF","1","1","1","1","1","1","1","1","1","1","1","1","1","1","1","1","1","1","1","1"
"184","opMod$initScale","0.1","0.1","0.1","0.1","0.1","0.1","0.1","0.1","0.1","0.1","0.1","0.1","0.1","0.1","0.1","0.1","0.1","0.1","0.1","0.1"
"185","opMod$L1","c(10.29)","c(10.29)","c(10.29)","c(10.29)","c(10.29)","c(10.29)","c(10.29)","c(10.29)","c(10.29)","c(10.29)","c(10.29)","c(10.29)","c(10.29)","c(10.29)","c(10.29)","c(10.29)","c(10.29)","c(10.29)","c(10.29)","c(10.29)"
"186","opMod$selAge","TRUE","TRUE","TRUE","TRUE","TRUE","TRUE","TRUE","TRUE","TRUE","TRUE","TRUE","TRUE","TRUE","TRUE","TRUE","TRUE","TRUE","TRUE","TRUE","TRUE"
"187","opMod$L50Cg1","c(2.63186,2.98889,4.79863,2.055,2.055)","c(2.63186,2.98889,4.79863,2.055,2.055)","c(2.63186,2.98889,4.79863,2.055,2.055)","c(2.63186,2.98889,4.79863,2.055,2.055)","c(2.63186,2.98889,4.79863,2.055,2.055)","c(2.63186,2.98889,4.79863,2.055,2.055)","c(2.63186,2.98889,4.79863,2.055,2.055)","c(2.63186,2.98889,4.79863,2.055,2.055)","c(2.63186,2.98889,4.79863,2.055,2.055)","c(2.63186,2.98889,4.79863,2.055,2.055)","c(2.63186,2.98889,4.79863,2.055,2.055)","c(2.63186,2.98889,4.79863,2.055,2.055)","c(2.63186,2.98889,4.79863,2.055,2.055)","c(2.63186,2.98889,4.79863,2.055,2.055)","c(2.63186,2.98889,4.79863,2.055,2.055)","c(2.63186,2.98889,4.79863,2.055,2.055)","c(2.63186,2.98889,4.79863,2.055,2.055)","c(2.63186,2.98889,4.79863,2.055,2.055)","c(2.63186,2.98889,4.79863,2.055,2.055)","c(2.63186,2.98889,4.79863,2.055,2.055)"
"188","opMod$L50Cg2","c(40,40,40,48.40,89.99)","c(40,40,40,48.40,89.99)","c(40,40,40,48.40,89.99)","c(40,40,40,48.40,89.99)","c(40,40,40,48.40,89.99)","c(40,40,40,48.40,89.99)","c(40,40,40,48.40,89.99)","c(40,40,40,48.40,89.99)","c(40,40,40,48.40,89.99)","c(40,40,40,48.40,89.99)","c(40,40,40,48.40,89.99)","c(40,40,40,48.40,89.99)","c(40,40,40,48.40,89.99)","c(40,40,40,48.40,89.99)","c(40,40,40,48.40,89.99)","c(40,40,40,48.40,89.99)","c(40,40,40,48.40,89.99)","c(40,40,40,48.40,89.99)","c(40,40,40,48.40,89.99)","c(40,40,40,48.40,89.99)"
"189","opMod$L50Dg","c(5,5,5,5,5)","c(5,5,5,5,5)","c(5,5,5,5,5)","c(5,5,5,5,5)","c(5,5,5,5,5)","c(5,5,5,5,5)","c(5,5,5,5,5)","c(5,5,5,5,5)","c(5,5,5,5,5)","c(5,5,5,5,5)","c(5,5,5,5,5)","c(5,5,5,5,5)","c(5,5,5,5,5)","c(5,5,5,5,5)","c(5,5,5,5,5)","c(5,5,5,5,5)","c(5,5,5,5,5)","c(5,5,5,5,5)","c(5,5,5,5,5)","c(5,5,5,5,5)"
"190","opMod$L95Cg1","c(3.299762,3.927607,6.167282,2.202222,2.202222)","c(3.299762,3.927607,6.167282,2.202222,2.202222)","c(3.299762,3.927607,6.167282,2.202222,2.202222)","c(3.299762,3.927607,6.167282,2.202222,2.202222)","c(3.299762,3.927607,6.167282,2.202222,2.202222)","c(3.299762,3.927607,6.167282,2.202222,2.202222)","c(3.299762,3.927607,6.167282,2.202222,2.202222)","c(3.299762,3.927607,6.167282,2.202222,2.202222)","c(3.299762,3.927607,6.167282,2.202222,2.202222)","c(3.299762,3.927607,6.167282,2.202222,2.202222)","c(3.299762,3.927607,6.167282,2.202222,2.202222)","c(3.299762,3.927607,6.167282,2.202222,2.202222)","c(3.299762,3.927607,6.167282,2.202222,2.202222)","c(3.299762,3.927607,6.167282,2.202222,2.202222)","c(3.299762,3.927607,6.167282,2.202222,2.202222)","c(3.299762,3.927607,6.167282,2.202222,2.202222)","c(3.299762,3.927607,6.167282,2.202222,2.202222)","c(3.299762,3.927607,6.167282,2.202222,2.202222)","c(3.299762,3.927607,6.167282,2.202222,2.202222)","c(3.299762,3.927607,6.167282,2.202222,2.202222)"
"191","opMod$L95Cg2","c(50,50,50,40,40)","c(50,50,50,40,40)","c(50,50,50,40,40)","c(50,50,50,40,40)","c(50,50,50,40,40)","c(50,50,50,40,40)","c(50,50,50,40,40)","c(50,50,50,40,40)","c(50,50,50,40,40)","c(50,50,50,40,40)","c(50,50,50,40,40)","c(50,50,50,40,40)","c(50,50,50,40,40)","c(50,50,50,40,40)","c(50,50,50,40,40)","c(50,50,50,40,40)","c(50,50,50,40,40)","c(50,50,50,40,40)","c(50,50,50,40,40)","c(50,50,50,40,40)"
"192","opMod$L95Dg","c(1,1,1,1,1)","c(1,1,1,1,1)","c(1,1,1,1,1)","c(1,1,1,1,1)","c(1,1,1,1,1)","c(1,1,1,1,1)","c(1,1,1,1,1)","c(1,1,1,1,1)","c(1,1,1,1,1)","c(1,1,1,1,1)","c(1,1,1,1,1)","c(1,1,1,1,1)","c(1,1,1,1,1)","c(1,1,1,1,1)","c(1,1,1,1,1)","c(1,1,1,1,1)","c(1,1,1,1,1)","c(1,1,1,1,1)","c(1,1,1,1,1)","c(1,1,1,1,1)"
"193","opMod$Linf","c(27)","c(27)","c(27)","c(27)","c(27)","c(27)","c(27)","c(27)","c(27)","c(27)","c(27)","c(27)","c(27)","c(27)","c(27)","c(27)","c(27)","c(27)","c(27)","c(27)"
"194","opMod$M","c(0.583934)","c(0.583934)","c(0.583934)","c(0.583934)","c(0.583934)","c(0.583934)","c(0.583934)","c(0.583934)","c(0.583934)","c(0.583934)","c(0.583934)","c(0.583934)","c(0.583934)","c(0.583934)","c(0.583934)","c(0.583934)","c(0.583934)","c(0.583934)","c(0.583934)","c(0.583934)"
"195","opMod$maxF","3","3","3","3","3","3","3","3","3","3","3","3","3","3","3","3","3","3","3","3"
"196","opMod$nAges","10","10","10","10","10","10","10","10","10","10","10","10","10","10","10","10","10","10","10","10"
"197","opMod$nGear","5","5","5","5","5","5","5","5","5","5","5","5","5","5","5","5","5","5","5","5"
"198","opMod$nGrps","1","1","1","1","1","1","1","1","1","1","1","1","1","1","1","1","1","1","1","1"
"199","opMod$obsWtAge","""repFile""","""repFile""","""repFile""","""repFile""","""repFile""","""repFile""","""repFile""","""repFile""","""repFile""","""repFile""","""repFile""","""repFile""","""repFile""","""repFile""","""repFile""","""repFile""","""repFile""","""repFile""","""repFile""","""repFile"""
"200","opMod$nT","87","87","87","87","87","87","87","87","87","87","87","87","87","87","87","87","87","87","87","87"
"201","opMod$powerg","c(1,1,1,1,1)","c(1,1,1,1,1)","c(1,1,1,1,1)","c(1,1,1,1,1)","c(1,1,1,1,1)","c(1,1,1,1,1)","c(1,1,1,1,1)","c(1,1,1,1,1)","c(1,1,1,1,1)","c(1,1,1,1,1)","c(1,1,1,1,1)","c(1,1,1,1,1)","c(1,1,1,1,1)","c(1,1,1,1,1)","c(1,1,1,1,1)","c(1,1,1,1,1)","c(1,1,1,1,1)","c(1,1,1,1,1)","c(1,1,1,1,1)","c(1,1,1,1,1)"
"202","opMod$pulseMfrac","0","0.3","0","0.3","0","0","0","0.3","0.3","0.3","0.3","0","0","0.3","0","0","0","0.3","0.3","0.3"
"203","opMod$pulseMFrq","0","16","0","16","0","0","0","16","16","16","16","0","0","16","0","0","0","16","16","16"
"204","opMod$pulseMSize","1.5","1.5","1.5","1.5","1.5","1.5","1.5","1.5","1.5","1.5","1.5","1.5","1.5","1.5","1.5","1.5","1.5","1.5","1.5","1.5"
"205","opMod$qg","c(1,1,1,0.841236,0.999068)","c(1,1,1,0.841236,0.999068)","c(1,1,1,0.841236,0.999068)","c(1,1,1,0.841236,0.999068)","c(1,1,1,0.841236,0.999068)","c(1,1,1,0.841236,0.999068)","c(1,1,1,0.841236,0.999068)","c(1,1,1,0.841236,0.999068)","c(1,1,1,0.841236,0.999068)","c(1,1,1,0.841236,0.999068)","c(1,1,1,0.841236,0.999068)","c(1,1,1,0.841236,0.999068)","c(1,1,1,0.841236,0.999068)","c(1,1,1,0.841236,0.999068)","c(1,1,1,0.841236,0.999068)","c(1,1,1,0.841236,0.999068)","c(1,1,1,0.841236,0.999068)","c(1,1,1,0.841236,0.999068)","c(1,1,1,0.841236,0.999068)","c(1,1,1,0.841236,0.999068)"
"206","opMod$recDevsOffset","2","2","2","2","2","2","2","2","2","2","2","2","2","2","2","2","2","2","2","2"
"207","opMod$recruitmentOption","""Beverton-Holt""","""Beverton-Holt""","""Beverton-Holt""","""Beverton-Holt""","""Beverton-Holt""","""Beverton-Holt""","""Beverton-Holt""","""Beverton-Holt""","""Beverton-Holt""","""Beverton-Holt""","""Beverton-Holt""","""Beverton-Holt""","""Beverton-Holt""","""Beverton-Holt""","""Beverton-Holt""","""Beverton-Holt""","""Beverton-Holt""","""Beverton-Holt""","""Beverton-Holt""","""Beverton-Holt"""
"208","opMod$recM","0.583934","0.583934","0.583934","0.583934","0.583934","0.583934","0.583934","0.583934","0.583934","0.583934","0.583934","0.583934","0.583934","0.583934","0.583934","0.583934","0.583934","0.583934","0.583934","0.583934"
"209","opMod$repFileName","'mserproject/history/iscamWCVI2017.rep'","'mserproject/history/iscamWCVI2017.rep'","'mserproject/history/iscamWCVI2017.rep'","'mserproject/history/iscamWCVI2017.rep'","'mserproject/history/iscamWCVI2017.rep'","'mserproject/history/iscamWCVI2017.rep'","'mserproject/history/iscamWCVI2017.rep'","'mserproject/history/iscamWCVI2017.rep'","'mserproject/history/iscamWCVI2017.rep'","'mserproject/history/iscamWCVI2017.rep'","'mserproject/history/iscamWCVI2017.rep'","'mserproject/history/iscamWCVI2017.rep'","'mserproject/history/iscamWCVI2017.rep'","'mserproject/history/iscamWCVI2017.rep'","'mserproject/history/iscamWCVI2017.rep'","'mserproject/history/iscamWCVI2017.rep'","'mserproject/history/iscamWCVI2017.rep'","'mserproject/history/iscamWCVI2017.rep'","'mserproject/history/iscamWCVI2017.rep'","'mserproject/history/iscamWCVI2017.rep'"
"210","opMod$rSeed","1270","1270","1270","1270","1270","1270","1270","1270","1270","1270","1270","1270","1270","1270","1270","1270","1270","1270","1270","1270"
"211","opMod$rSteepness","0.73723","0.73723","0.73723","0.73723","0.73723","0.73723","0.73723","0.73723","0.73723","0.73723","0.73723","0.73723","0.73723","0.73723","0.73723","0.73723","0.73723","0.73723","0.73723","0.73723"
"212","opMod$posteriorSamples","""mserproject/history/localPost/WCVI/tvM/""","""mserproject/history/localPost/WCVI/tvM/""","""mserproject/history/localPost/WCVI/tvM/""","""mserproject/history/localPost/WCVI/tvM/""","""mserproject/history/localPost/WCVI/tvM/""","""mserproject/history/localPost/WCVI/tvM/""","""mserproject/history/localPost/WCVI/tvM/""","""mserproject/history/localPost/WCVI/tvM/""","""mserproject/history/localPost/WCVI/tvM/""","""mserproject/history/localPost/WCVI/tvM/""","""mserproject/history/localPost/WCVI/tvM/""","""mserproject/history/localPost/WCVI/tvM/""","""mserproject/history/localPost/WCVI/tvM/""","""mserproject/history/localPost/WCVI/tvM/""","""mserproject/history/localPost/WCVI/tvM/""","""mserproject/history/localPost/WCVI/tvM/""","""mserproject/history/localPost/WCVI/tvM/""","""mserproject/history/localPost/WCVI/tvM/""","""mserproject/history/localPost/WCVI/tvM/""","""mserproject/history/localPost/WCVI/tvM/"""
"213","opMod$postSampleSeed","2335","2335","2335","2335","2335","2335","2335","2335","2335","2335","2335","2335","2335","2335","2335","2335","2335","2335","2335","2335"
"214","opMod$selType","c(1,1,1,1,1)","c(1,1,1,1,1)","c(1,1,1,1,1)","c(1,1,1,1,1)","c(1,1,1,1,1)","c(1,1,1,1,1)","c(1,1,1,1,1)","c(1,1,1,1,1)","c(1,1,1,1,1)","c(1,1,1,1,1)","c(1,1,1,1,1)","c(1,1,1,1,1)","c(1,1,1,1,1)","c(1,1,1,1,1)","c(1,1,1,1,1)","c(1,1,1,1,1)","c(1,1,1,1,1)","c(1,1,1,1,1)","c(1,1,1,1,1)","c(1,1,1,1,1)"
"215","opMod$sigmaLinf","0.12","0.12","0.12","0.12","0.12","0.12","0.12","0.12","0.12","0.12","0.12","0.12","0.12","0.12","0.12","0.12","0.12","0.12","0.12","0.12"
"216","opMod$sigmaM","0.1","0.1","0.1","0.1","0.1","0.1","0.1","0.1","0.1","0.1","0.1","0.1","0.1","0.1","0.1","0.1","0.1","0.1","0.1","0.1"
"217","opMod$sigmaR","0.705998","0.705998","0.705998","0.705998","0.705998","0.705998","0.705998","0.705998","0.705998","0.705998","0.705998","0.705998","0.705998","0.705998","0.705998","0.705998","0.705998","0.705998","0.705998","0.705998"
"218","opMod$sizeLim","c(1,1,1,1,1)","c(1,1,1,1,1)","c(1,1,1,1,1)","c(1,1,1,1,1)","c(1,1,1,1,1)","c(1,1,1,1,1)","c(1,1,1,1,1)","c(1,1,1,1,1)","c(1,1,1,1,1)","c(1,1,1,1,1)","c(1,1,1,1,1)","c(1,1,1,1,1)","c(1,1,1,1,1)","c(1,1,1,1,1)","c(1,1,1,1,1)","c(1,1,1,1,1)","c(1,1,1,1,1)","c(1,1,1,1,1)","c(1,1,1,1,1)","c(1,1,1,1,1)"
"219","opMod$sizeLimFuture","c(1,1,1,1,1)","c(1,1,1,1,1)","c(1,1,1,1,1)","c(1,1,1,1,1)","c(1,1,1,1,1)","c(1,1,1,1,1)","c(1,1,1,1,1)","c(1,1,1,1,1)","c(1,1,1,1,1)","c(1,1,1,1,1)","c(1,1,1,1,1)","c(1,1,1,1,1)","c(1,1,1,1,1)","c(1,1,1,1,1)","c(1,1,1,1,1)","c(1,1,1,1,1)","c(1,1,1,1,1)","c(1,1,1,1,1)","c(1,1,1,1,1)","c(1,1,1,1,1)"
"220","opMod$testFishery","c(0,0.136078,0,0,0)","c(0,0.136078,0,0,0)","c(0,0.136078,0,0,0)","c(0,0.136078,0,0,0)","c(0,0.136078,0,0,0)","c(0,0.136078,0,0,0)","c(0,0.136078,0,0,0)","c(0,0.136078,0,0,0)","c(0,0.136078,0,0,0)","c(0,0.136078,0,0,0)","c(0,0.136078,0,0,0)","c(0,0.136078,0,0,0)","c(0,0.136078,0,0,0)","c(0,0.136078,0,0,0)","c(0,0.136078,0,0,0)","c(0,0.136078,0,0,0)","c(0,0.136078,0,0,0)","c(0,0.136078,0,0,0)","c(0,0.136078,0,0,0)","c(0,0.136078,0,0,0)"
"221","opMod$useBoot","FALSE","FALSE","FALSE","FALSE","FALSE","FALSE","FALSE","FALSE","FALSE","FALSE","FALSE","FALSE","FALSE","FALSE","FALSE","FALSE","FALSE","FALSE","FALSE","FALSE"
"222","opMod$kBoot","10","10","10","10","10","10","10","10","10","10","10","10","10","10","10","10","10","10","10","10"
"223","opMod$bootTolSD",".1",".1",".1",".1",".1",".1",".1",".1",".1",".1",".1",".1",".1",".1",".1",".1",".1",".1",".1",".1"
"224","opMod$bootTolMult","1","1","1","1","1","1","1","1","1","1","1","1","1","1","1","1","1","1","1","1"
"225","opMod$volSizeRelease","c(65,65,65,65,65)","c(65,65,65,65,65)","c(65,65,65,65,65)","c(65,65,65,65,65)","c(65,65,65,65,65)","c(65,65,65,65,65)","c(65,65,65,65,65)","c(65,65,65,65,65)","c(65,65,65,65,65)","c(65,65,65,65,65)","c(65,65,65,65,65)","c(65,65,65,65,65)","c(65,65,65,65,65)","c(65,65,65,65,65)","c(65,65,65,65,65)","c(65,65,65,65,65)","c(65,65,65,65,65)","c(65,65,65,65,65)","c(65,65,65,65,65)","c(65,65,65,65,65)"
"226","opMod$tauAgeg","c(0.4416084,0.3213798,0.5320789)","c(0.4416084,0.3213798,0.5320789)","c(0.4416084,0.3213798,0.5320789)","c(0.4416084,0.3213798,0.5320789)","c(0.4416084,0.3213798,0.5320789)","c(0.4416084,0.3213798,0.5320789)","c(0.4416084,0.3213798,0.5320789)","c(0.4416084,0.3213798,0.5320789)","c(0.4416084,0.3213798,0.5320789)","c(0.4416084,0.3213798,0.5320789)","c(0.4416084,0.3213798,0.5320789)","c(0.4416084,0.3213798,0.5320789)","c(0.4416084,0.3213798,0.5320789)","c(0.4416084,0.3213798,0.5320789)","c(0.4416084,0.3213798,0.5320789)","c(0.4416084,0.3213798,0.5320789)","c(0.4416084,0.3213798,0.5320789)","c(0.4416084,0.3213798,0.5320789)","c(0.4416084,0.3213798,0.5320789)","c(0.4416084,0.3213798,0.5320789)"
"227","opMod$tauIndexg","c(0.457555,.392708)","c(0.457555,.392708)","c(0.457555,.392708)","c(0.457555,.392708)","c(0.457555,.392708)","c(0.457555,.392708)","c(0.457555,.392708)","c(0.457555,.392708)","c(0.457555,.392708)","c(0.457555,.392708)","c(0.457555,.392708)","c(0.457555,.392708)","c(0.457555,.392708)","c(0.457555,.392708)","c(0.457555,.392708)","c(0.457555,.392708)","c(0.457555,.392708)","c(0.457555,.392708)","c(0.457555,.392708)","c(0.457555,.392708)"
"228","opMod$tauReleaseg","c(0.42436000,0.83308600,0.65831000,0,0)","c(0.42436000,0.83308600,0.65831000,0,0)","c(0.42436000,0.83308600,0.65831000,0,0)","c(0.42436000,0.83308600,0.65831000,0,0)","c(0.42436000,0.83308600,0.65831000,0,0)","c(0.42436000,0.83308600,0.65831000,0,0)","c(0.42436000,0.83308600,0.65831000,0,0)","c(0.42436000,0.83308600,0.65831000,0,0)","c(0.42436000,0.83308600,0.65831000,0,0)","c(0.42436000,0.83308600,0.65831000,0,0)","c(0.42436000,0.83308600,0.65831000,0,0)","c(0.42436000,0.83308600,0.65831000,0,0)","c(0.42436000,0.83308600,0.65831000,0,0)","c(0.42436000,0.83308600,0.65831000,0,0)","c(0.42436000,0.83308600,0.65831000,0,0)","c(0.42436000,0.83308600,0.65831000,0,0)","c(0.42436000,0.83308600,0.65831000,0,0)","c(0.42436000,0.83308600,0.65831000,0,0)","c(0.42436000,0.83308600,0.65831000,0,0)","c(0.42436000,0.83308600,0.65831000,0,0)"
"229","opMod$tMP","68","68","68","68","68","68","68","68","68","68","68","68","68","68","68","68","68","68","68","68"
"230","opMod$vonK","c(0.48)","c(0.48)","c(0.48)","c(0.48)","c(0.48)","c(0.48)","c(0.48)","c(0.48)","c(0.48)","c(0.48)","c(0.48)","c(0.48)","c(0.48)","c(0.48)","c(0.48)","c(0.48)","c(0.48)","c(0.48)","c(0.48)","c(0.48)"
"231","refPts$F0","0","0","0","0","0","0","0","0","0","0","0","0","0","0","0","0","0","0","0","0"
"232","refPts$F01","0.583934","0.583934","0.583934","0.583934","0.583934","0.583934","0.583934","0.583934","0.583934","0.583934","0.583934","0.583934","0.583934","0.583934","0.583934","0.583934","0.583934","0.583934","0.583934","0.583934"
"233","refPts$F40","0.217766617452171","0.217766617452171","0.217766617452171","0.217766617452171","0.217766617452171","0.217766617452171","0.217766617452171","0.217766617452171","0.217766617452171","0.217766617452171","0.217766617452171","0.217766617452171","0.217766617452171","0.217766617452171","0.217766617452171","0.217766617452171","0.217766617452171","0.217766617452171","0.217766617452171","0.217766617452171"
"234","refPts$Fcra","0.583934","0.583934","0.583934","0.583934","0.583934","0.583934","0.583934","0.583934","0.583934","0.583934","0.583934","0.583934","0.583934","0.583934","0.583934","0.583934","0.583934","0.583934","0.583934","0.583934"
"235","refPts$Fmax","0.583934","0.583934","0.583934","0.583934","0.583934","0.583934","0.583934","0.583934","0.583934","0.583934","0.583934","0.583934","0.583934","0.583934","0.583934","0.583934","0.583934","0.583934","0.583934","0.583934"
"236","refPts$Fmsy","0.352392428361543","0.352392428361543","0.352392428361543","0.352392428361543","0.352392428361543","0.352392428361543","0.352392428361543","0.352392428361543","0.352392428361543","0.352392428361543","0.352392428361543","0.352392428361543","0.352392428361543","0.352392428361543","0.352392428361543","0.352392428361543","0.352392428361543","0.352392428361543","0.352392428361543","0.352392428361543"
"237","refPts$ssbFmsy","10.3351330893833","10.3351330893833","10.3351330893833","10.3351330893833","10.3351330893833","10.3351330893833","10.3351330893833","10.3351330893833","10.3351330893833","10.3351330893833","10.3351330893833","10.3351330893833","10.3351330893833","10.3351330893833","10.3351330893833","10.3351330893833","10.3351330893833","10.3351330893833","10.3351330893833","10.3351330893833"
"238","refPts$yieldFmsy","13.4974666775765","13.4974666775765","13.4974666775765","13.4974666775765","13.4974666775765","13.4974666775765","13.4974666775765","13.4974666775765","13.4974666775765","13.4974666775765","13.4974666775765","13.4974666775765","13.4974666775765","13.4974666775765","13.4974666775765","13.4974666775765","13.4974666775765","13.4974666775765","13.4974666775765","13.4974666775765"
"239","refPts$U0","0","0","0","0","0","0","0","0","0","0","0","0","0","0","0","0","0","0","0","0"
"240","refPts$U01","0.23539809697471","0.23539809697471","0.23539809697471","0.23539809697471","0.23539809697471","0.23539809697471","0.23539809697471","0.23539809697471","0.23539809697471","0.23539809697471","0.23539809697471","0.23539809697471","0.23539809697471","0.23539809697471","0.23539809697471","0.23539809697471","0.23539809697471","0.23539809697471","0.23539809697471","0.23539809697471"
"241","refPts$U40","0.153922809101815","0.153922809101815","0.153922809101815","0.153922809101815","0.153922809101815","0.153922809101815","0.153922809101815","0.153922809101815","0.153922809101815","0.153922809101815","0.153922809101815","0.153922809101815","0.153922809101815","0.153922809101815","0.153922809101815","0.153922809101815","0.153922809101815","0.153922809101815","0.153922809101815","0.153922809101815"
"242","refPts$Ucra","0.23539809697471","0.23539809697471","0.23539809697471","0.23539809697471","0.23539809697471","0.23539809697471","0.23539809697471","0.23539809697471","0.23539809697471","0.23539809697471","0.23539809697471","0.23539809697471","0.23539809697471","0.23539809697471","0.23539809697471","0.23539809697471","0.23539809697471","0.23539809697471","0.23539809697471","0.23539809697471"
"243","refPts$Umax","0.23539809697471","0.23539809697471","0.23539809697471","0.23539809697471","0.23539809697471","0.23539809697471","0.23539809697471","0.23539809697471","0.23539809697471","0.23539809697471","0.23539809697471","0.23539809697471","0.23539809697471","0.23539809697471","0.23539809697471","0.23539809697471","0.23539809697471","0.23539809697471","0.23539809697471","0.23539809697471"
"244","refPts$Umsy","0.1938396172684","0.1938396172684","0.1938396172684","0.1938396172684","0.1938396172684","0.1938396172684","0.1938396172684","0.1938396172684","0.1938396172684","0.1938396172684","0.1938396172684","0.1938396172684","0.1938396172684","0.1938396172684","0.1938396172684","0.1938396172684","0.1938396172684","0.1938396172684","0.1938396172684","0.1938396172684"
"245","refPts$legalHRFmsy","0.193839617221515","0.193839617221515","0.193839617221515","0.193839617221515","0.193839617221515","0.193839617221515","0.193839617221515","0.193839617221515","0.193839617221515","0.193839617221515","0.193839617221515","0.193839617221515","0.193839617221515","0.193839617221515","0.193839617221515","0.193839617221515","0.193839617221515","0.193839617221515","0.193839617221515","0.193839617221515"
"246","","","","","","","","","","","","","","","","","","","","",""
"247","","","","","","","","","","","","","","","","","","","","",""
"248","","","","","","","","","","","","","","","","","","","","",""
"249","","","","","","","","","","","","","","","","","","","","",""
"250","","","","","","","","","","","","","","","","","","","","",""
